<?xml version="1.0" encoding="UTF-8" ?>
<!DOCTYPE struts PUBLIC
        "-//Apache Software Foundation//DTD Struts Configuration 2.3//EN"
        "http://struts.apache.org/dtds/struts-2.3.dtd">
<struts>
    <constant name="struts.enable.DynamicMethodInvocation" value="false"/>
    <constant name="struts.devMode" value="true"/>

 
    <package name="default" namespace="/" extends="struts-default">

        <default-action-ref name="index"/>

        <action name="index" class="com.loncoto.webstruts.firstStruts.actions.IndexAction" method="index" >
            <result name="success">/index.jsp</result>
        </action>

    </package>

    <!-- Add addition packages and configuration here. -->
</struts>
